Tier A,Tier B,Tier C,Tier D,Tier E,Tier F
Rory Mcilroy,Ludvig Ã…berg,Akshay Bhatia,Victor Perez,John Daly,Ben Polland
Scottie Scheffler,Sam Burns,Keegan Bradley ,Andy Ogletree,Jason Dufner,Josh Bevell
Jon Rahm,Cameron Young,Adam Scott,Andrew Putnam,Y.E. Yang,Michael Block
Viktor Hovland,Tony Finau, Erik van Rooyen,Matt Wallace,Jimmy Walker,Evan Bowser
Brooks Koepka,Max Homa,Russell Henley,Ryo Hisatsune,Luke Donald,Preston Cole
Xander Schauffele,Bryson DeChambeau,Phil Mickelson,Seamus Power,Camilo Villegas,Tyler Collet
Jordan Spieth,Tyrrell Hatton,Harris English,Marc Leishman,Padraig Harrington,Matt Dobyns
Patrick Cantlay,Shane Lowry,Emiliano Grillo,Nick Dunlap,Brice Garnett,Larkin Gross
Justin Thomas,Tommy Fleetwood,Stephan Jaeger,Luke List,Kazuma Kobori,Jared Jones
Wyndham Clark,Matt Fitzpatrick,Kurt Kitayama,Maverick McNealy,Martin Kaymer,Jeff Kellen
Dustin Johnson,Joaquin Niemann,Peter Malnati,Brendon Todd,Alexander Bjork,Brad Marek
Cameron Smith,Sahith Theegala,Taylor Moore,Alex Smalley,Grayson Murray,Kyle Mendoza
Collin Morikawa,Patrick Reed,Adam Hadwin,Nick Taylor,Takumi Kanaya,Jesse Mueller
,Tyrrell Hatton,,Ben Griffin,Sami Valimaki,Zac Oakley
,Jason Day,Thorbjorn Olesen,Aaron Rai,Peter Malnati,Tracy Phillips
,Rikki Fowler,Justin Rose,Beau Hossler,Joel Dahmen,Braden Shattuck
,Tom Kim,Jake Knapp,Thriston Lawrence,Francisco Molinari,John Somers
,Brian Harman,Tiger Woods,Cam Davis,Zac Blair,Josh Speight
,Hideki Matsuyama,Austin Eckroat,Ryan Van Velzen,Keita Nakajima,Andy Svoboda
,Corey Conners,Nicolai Hojgaard,Thomas Detry,Mark Hubbard,Jeremy Wells
,Will Zalatoris, Si Woo Kim,Gary Woodland,Charley Hoffman,Wyatt Worthington II
,Denny McCarthy,Lucas Glover,Robert MacIntyre,Tim Widing,
,Abraham Ancer,Tom Hoge,Rasmus Hojgaard,Jesper Svensson,
,Min Woo Lee,Lucas Herbert,Adam Svensson,Vincent Norrman,
,Talor Gooch,Daniel Berger,Sebastian Soderberg,Taylor Montgomery,
,Dean Burmester,Mito Pereir,Taylor Moore,Alejandro Tosti,
,Sungjae Im,Keith Mitchell,Doug Ghim,Camillo Villegas,
,Byeong Hun An,Adam Schenk,Patrick Rodgers,K.H. Lee,
,,Ryan Fox,Davis Riley,Ben Kohles,
,,Billy Horschel,J.T. Poston,Lee Hodges,
,,Taylor Pendrith,Thomas Pieters,,
,,Adrian Meronk,Jordan Smith,,
,,Mackenzie Hughes,Eric Cole,,
,,Alex Noren,Christiaan Bezuidenhout,,
,,Matthieu Pavon,Adrian Otaegui,,
,,Chris Kirk,,,
,,Sepp Straka,,,
,,David Puig,,,